<?xml version='1.0' encoding='UTF-8'?>
<?artifactRepository version='1.1.0'?>
<repository name='file:/Users/GoVardhan/AnypointStudio/workspace1/greet-connector/target/update-site/ - artifacts' type='org.eclipse.equinox.p2.artifact.repository.simpleRepository' version='1'>
  <properties size='2'>
    <property name='p2.timestamp' value='1493269906140'/>
    <property name='p2.compressed' value='false'/>
  </properties>
  <mappings size='3'>
    <rule filter='(&amp; (classifier=osgi.bundle))' output='${repoUrl}/plugins/${id}_${version}.jar'/>
    <rule filter='(&amp; (classifier=binary))' output='${repoUrl}/binary/${id}_${version}'/>
    <rule filter='(&amp; (classifier=org.eclipse.update.feature))' output='${repoUrl}/features/${id}_${version}.jar'/>
  </mappings>
  <artifacts size='2'>
    <artifact classifier='osgi.bundle' id='org.mule.tooling.ui.contribution.greet.3.5.0' version='1.0.0.201704262211'>
      <properties size='3'>
        <property name='artifact.size' value='330324'/>
        <property name='download.size' value='330324'/>
        <property name='download.md5' value='23a3a7404b6d0ffa62c09e3424a3920c'/>
      </properties>
    </artifact>
    <artifact classifier='org.eclipse.update.feature' id='org.mule.tooling.ui.extension.greet-connector.3.5.0' version='1.0.0.201704262211'>
      <properties size='4'>
        <property name='artifact.size' value='642'/>
        <property name='download.size' value='642'/>
        <property name='download.md5' value='4dc96bd36b656d7549f41a2261f8869d'/>
        <property name='download.contentType' value='application/zip'/>
      </properties>
    </artifact>
  </artifacts>
</repository>
